ID,Pred
2021_1104_1276,0.433655587
2021_1199_1276,0.351065583
2021_1160_1276,0.382021801
2021_1140_1276,0.273232264
2021_1163_1276,0.29858809
2021_1261_1276,0.27728435
2021_1268_1276,0.197448445
2021_1207_1276,0.102252801
2021_1101_1276,0.202343052
2021_1233_1276,0.084214647
2021_1211_1276,0.742751571
2021_1234_1276,0.483637113
2021_1242_1276,0.363273709
2021_1166_1276,0.334989212
2021_1179_1276,0.226492742
2021_1186_1276,0.08711723
2021_1213_1276,0.098316188
2021_1111_1276,0.083336812
2021_1228_1276,0.45810268
2021_1222_1276,0.564478458
2021_1155_1276,0.235966149
2021_1260_1276,0.31835362
2021_1210_1276,0.249181587
2021_1251_1276,0.100821561
2021_1156_1276,0.082025035
2021_1180_1276,0.07597243
2021_1124_1276,0.567811884
2021_1116_1276,0.415424587
2021_1196_1276,0.238177195
2021_1159_1276,0.245672466
2021_1216_1276,0.086652079
2021_1101_1104,0.259211204
2021_1276_1400,0.665170545
2021_1104_1400,0.589170931
2021_1199_1400,0.529210172
2021_1160_1400,0.554791609
2021_1140_1400,0.446964611
2021_1163_1400,0.506064505
2021_1261_1400,0.489489036
2021_1382_1400,0.507513417
2021_1268_1400,0.399137629
2021_1277_1400,0.282574768
2021_1207_1400,0.241713506
2021_1101_1400,0.342498115
2021_1233_1400,0.176749709
2021_1291_1400,0.109771599
2021_1211_1400,0.877869066
2021_1234_1400,0.66400563
2021_1242_1400,0.539263632
2021_1166_1400,0.519017925
2021_1332_1400,0.50727468
2021_1328_1400,0.476483044
2021_1281_1400,0.39368703
2021_1179_1400,0.441377073
2021_1364_1400,0.379730221
2021_1325_1400,0.28317303
2021_1186_1400,0.190258501
2021_1213_1400,0.231465077
2021_1111_1400,0.131879433
2021_1313_1400,0.127871714
2021_1228_1400,0.674424924
2021_1222_1400,0.784978214
2021_1329_1400,0.418487278
2021_1397_1400,0.557360501
2021_1361_1400,0.553366306
2021_1155_1400,0.440450244
2021_1260_1400,0.506084975
2021_1210_1400,0.480527941
2021_1353_1400,0.454881129
2021_1393_1400,0.462079427
2021_1333_1400,0.245963427
2021_1251_1400,0.257846143
2021_1287_1400,0.186978957
2021_1156_1400,0.127186866
2021_1180_1400,0.167227908
2021_1124_1400,0.797021256
2021_1326_1400,0.560409666
2021_1116_1400,0.579498997
2021_1345_1400,0.497442995
2021_1196_1400,0.454652363
2021_1314_1400,0.46635696
2021_1317_1400,0.321360762
2021_1159_1400,0.451716182
2021_1331_1400,0.11736822
2021_1216_1400,0.129847761
2021_1104_1199,0.514688592
2021_1160_1199,0.504342365
2021_1140_1199,0.431064693
2021_1163_1199,0.468327731
2021_1101_1199,0.303080425
2021_1166_1199,0.47603427
2021_1179_1199,0.342865045
2021_1186_1199,0.162093107
2021_1111_1199,0.109797066
2021_1155_1199,0.416574661
2021_1156_1199,0.114208104
2021_1180_1199,0.107388279
2021_1124_1199,0.768462012
2021_1116_1199,0.519267011
2021_1196_1199,0.418181686
2021_1159_1199,0.398871002
2021_1104_1160,0.477836213
2021_1140_1160,0.4117505
2021_1101_1160,0.267634324
2021_1111_1160,0.092337033
2021_1155_1160,0.368595116
2021_1156_1160,0.100955899
2021_1124_1160,0.751902004
2021_1116_1160,0.488825265
2021_1159_1160,0.367001372
2021_1104_1140,0.611667982
2021_1101_1140,0.375788134
2021_1111_1140,0.14865933
2021_1124_1140,0.800554173
2021_1116_1140,0.587063201
2021_1104_1163,0.554264067
2021_1160_1163,0.495111202
2021_1140_1163,0.436043495
2021_1101_1163,0.359221669
2021_1111_1163,0.119918399
2021_1155_1163,0.408733351
2021_1156_1163,0.124175656
2021_1124_1163,0.791444653
2021_1116_1163,0.525519333
2021_1159_1163,0.440802182
2021_1104_1261,0.589465332
2021_1199_1261,0.529526941
2021_1160_1261,0.524014635
2021_1140_1261,0.452639556
2021_1163_1261,0.480409386
2021_1207_1261,0.27879348
2021_1101_1261,0.362603161
2021_1233_1261,0.220669225
2021_1211_1261,0.870143858
2021_1234_1261,0.677643218
2021_1242_1261,0.534192234
2021_1166_1261,0.499707238
2021_1179_1261,0.440858011
2021_1186_1261,0.227598437
2021_1213_1261,0.279527188
2021_1111_1261,0.127818363
2021_1228_1261,0.689640145
2021_1222_1261,0.777653756
2021_1155_1261,0.421407471
2021_1260_1261,0.489253909
2021_1210_1261,0.462097492
2021_1251_1261,0.284222931
2021_1156_1261,0.139798279
2021_1180_1261,0.14659701
2021_1124_1261,0.795935208
2021_1116_1261,0.592845845
2021_1196_1261,0.455059973
2021_1159_1261,0.45701173
2021_1216_1261,0.142442422
2021_1276_1382,0.652576225
2021_1104_1382,0.559041751
2021_1199_1382,0.49760439
2021_1160_1382,0.498563785
2021_1140_1382,0.438202768
2021_1163_1382,0.461148758
2021_1261_1382,0.435752203
2021_1268_1382,0.382670049
2021_1277_1382,0.2913967
2021_1207_1382,0.247528261
2021_1101_1382,0.340735486
2021_1233_1382,0.19924027
2021_1291_1382,0.122637039
2021_1211_1382,0.866908424
2021_1234_1382,0.646379619
2021_1242_1382,0.496306189
2021_1166_1382,0.45942273
2021_1332_1382,0.435202894
2021_1328_1382,0.419103879
2021_1281_1382,0.373714722
2021_1179_1382,0.406335991
2021_1364_1382,0.40099878
2021_1325_1382,0.27077518
2021_1186_1382,0.21384359
2021_1213_1382,0.245009025
2021_1111_1382,0.126413667
2021_1313_1382,0.124822921
2021_1228_1382,0.649991519
2021_1222_1382,0.742867816
2021_1329_1382,0.401488017
2021_1361_1382,0.488651166
2021_1155_1382,0.387839077
2021_1260_1382,0.452224544
2021_1210_1382,0.437116207
2021_1353_1382,0.395552533
2021_1333_1382,0.240744843
2021_1251_1382,0.240182646
2021_1287_1382,0.157989954
2021_1156_1382,0.133193398
2021_1180_1382,0.136352961
2021_1124_1382,0.781760142
2021_1326_1382,0.571798198
2021_1116_1382,0.555558371
2021_1345_1382,0.457654709
2021_1196_1382,0.415013472
2021_1314_1382,0.450838159
2021_1317_1382,0.357296266
2021_1159_1382,0.442599978
2021_1331_1382,0.12644732
2021_1216_1382,0.135223567
2021_1104_1268,0.731043345
2021_1199_1268,0.606516078
2021_1160_1268,0.627332576
2021_1140_1268,0.514243222
2021_1163_1268,0.521111099
2021_1261_1268,0.518257372
2021_1207_1268,0.389783721
2021_1101_1268,0.483338907
2021_1233_1268,0.294189122
2021_1211_1268,0.90729728
2021_1234_1268,0.78811334
2021_1242_1268,0.627611331
2021_1166_1268,0.588446782
2021_1179_1268,0.493997359
2021_1186_1268,0.307026875
2021_1213_1268,0.340805906
2021_1111_1268,0.187257937
2021_1228_1268,0.806006776
2021_1222_1268,0.887160847
2021_1155_1268,0.494678794
2021_1260_1268,0.5565195
2021_1210_1268,0.531150291
2021_1251_1268,0.387738711
2021_1156_1268,0.237008025
2021_1180_1268,0.26447876
2021_1124_1268,0.887496324
2021_1116_1268,0.730874384
2021_1196_1268,0.497513961
2021_1159_1268,0.59370869
2021_1216_1268,0.245025803
2021_1276_1277,0.889172186
2021_1104_1277,0.865117694
2021_1199_1277,0.768868012
2021_1160_1277,0.827981914
2021_1140_1277,0.654760164
2021_1163_1277,0.699464328
2021_1261_1277,0.671664273
2021_1268_1277,0.548859901
2021_1207_1277,0.460314646
2021_1101_1277,0.621150728
2021_1233_1277,0.39595867
2021_1211_1277,0.934899288
2021_1234_1277,0.893619054
2021_1242_1277,0.794163694
2021_1166_1277,0.763089612
2021_1179_1277,0.592595415
2021_1186_1277,0.432443026
2021_1213_1277,0.455653233
2021_1111_1277,0.346312753
2021_1228_1277,0.890198219
2021_1222_1277,0.914170163
2021_1155_1277,0.58618457
2021_1260_1277,0.797594432
2021_1210_1277,0.605200235
2021_1251_1277,0.486043128
2021_1156_1277,0.383266399
2021_1180_1277,0.377111418
2021_1124_1277,0.91791462
2021_1116_1277,0.858599733
2021_1196_1277,0.590154306
2021_1159_1277,0.745570399
2021_1216_1277,0.389058241
2021_1276_1417,0.791311046
2021_1104_1417,0.720640586
2021_1400_1417,0.51928073
2021_1199_1417,0.615192094
2021_1160_1417,0.604131008
2021_1140_1417,0.488040527
2021_1163_1417,0.514312692
2021_1261_1417,0.481848686
2021_1382_1417,0.51212434
2021_1268_1417,0.435455886
2021_1277_1417,0.376712162
2021_1207_1417,0.369184247
2021_1101_1417,0.459077992
2021_1233_1417,0.273643785
2021_1291_1417,0.20532078
2021_1411_1417,0.177274137
2021_1211_1417,0.904113059
2021_1234_1417,0.787567718
2021_1242_1417,0.618467316
2021_1166_1417,0.579125859
2021_1332_1417,0.485631087
2021_1328_1417,0.467218946
2021_1281_1417,0.429125511
2021_1179_1417,0.454173099
2021_1364_1417,0.46230263
2021_1325_1417,0.355474804
2021_1186_1417,0.287477718
2021_1213_1417,0.328961782
2021_1111_1417,0.165897674
2021_1313_1417,0.205752572
2021_1228_1417,0.79237239
2021_1222_1417,0.87861499
2021_1329_1417,0.465266574
2021_1397_1417,0.563915175
2021_1361_1417,0.566778981
2021_1155_1417,0.460853725
2021_1260_1417,0.533283768
2021_1210_1417,0.503641259
2021_1353_1417,0.470853993
2021_1393_1417,0.493926104
2021_1333_1417,0.365345998
2021_1251_1417,0.363060005
2021_1287_1417,0.28978037
2021_1156_1417,0.232588949
2021_1180_1417,0.242153479
2021_1124_1417,0.884602499
2021_1326_1417,0.629703241
2021_1116_1417,0.725494616
2021_1345_1417,0.563376946
2021_1403_1417,0.629734719
2021_1196_1417,0.466791308
2021_1314_1417,0.480531887
2021_1317_1417,0.429017804
2021_1159_1417,0.572358667
2021_1331_1417,0.220482233
2021_1216_1417,0.226757159
2021_1104_1207,0.867796919
2021_1199_1207,0.804708416
2021_1160_1207,0.801235737
2021_1140_1207,0.713703024
2021_1163_1207,0.69765197
2021_1101_1207,0.550113562
2021_1166_1207,0.732771703
2021_1179_1207,0.579087861
2021_1186_1207,0.462415803
2021_1111_1207,0.379793851
2021_1155_1207,0.629914281
2021_1156_1207,0.404969298
2021_1180_1207,0.412960781
2021_1124_1207,0.918567263
2021_1116_1207,0.869134861
2021_1196_1207,0.656049803
2021_1159_1207,0.765545549
2021_1276_1422,0.864315777
2021_1104_1422,0.828598349
2021_1400_1422,0.657372067
2021_1199_1422,0.752910304
2021_1160_1422,0.746249643
2021_1140_1422,0.652792343
2021_1163_1422,0.609963128
2021_1261_1422,0.574432429
2021_1382_1422,0.669163954
2021_1268_1422,0.518143567
2021_1277_1422,0.450404228
2021_1417_1422,0.543155158
2021_1207_1422,0.414392149
2021_1101_1422,0.475682148
2021_1233_1422,0.380816147
2021_1291_1422,0.303408798
2021_1411_1422,0.306747251
2021_1211_1422,0.905265634
2021_1234_1422,0.860533688
2021_1242_1422,0.702054426
2021_1166_1422,0.661686853
2021_1332_1422,0.575728951
2021_1328_1422,0.552994133
2021_1281_1422,0.508317108
2021_1179_1422,0.486832094
2021_1364_1422,0.485907106
2021_1325_1422,0.41108123
2021_1186_1422,0.378813669
2021_1213_1422,0.401280827
2021_1111_1422,0.295220592
2021_1313_1422,0.29570877
2021_1228_1422,0.863320119
2021_1222_1422,0.890716271
2021_1329_1422,0.571208958
2021_1397_1422,0.747280061
2021_1361_1422,0.721289633
2021_1155_1422,0.53665325
2021_1260_1422,0.707910318
2021_1210_1422,0.561472769
2021_1353_1422,0.542296595
2021_1393_1422,0.540914042
2021_1333_1422,0.40018358
2021_1251_1422,0.3904857
2021_1287_1422,0.376442217
2021_1156_1422,0.304573959
2021_1180_1422,0.359183976
2021_1124_1422,0.894383128
2021_1326_1422,0.720267801
2021_1116_1422,0.783271732
2021_1345_1422,0.658643609
2021_1403_1422,0.77115057
2021_1196_1422,0.572320313
2021_1314_1422,0.596115586
2021_1317_1422,0.45367788
2021_1159_1422,0.712561819
2021_1331_1422,0.29176655
2021_1216_1422,0.334633661
2021_1104_1233,0.892362418
2021_1199_1233,0.833583552
2021_1160_1233,0.846152557
2021_1140_1233,0.77730174
2021_1163_1233,0.81274161
2021_1207_1233,0.499848399
2021_1101_1233,0.602391417
2021_1211_1233,0.943551525
2021_1166_1233,0.831476621
2021_1179_1233,0.682458655
2021_1186_1233,0.454887636
2021_1213_1233,0.490001038
2021_1111_1233,0.437386639
2021_1228_1233,0.903041672
2021_1222_1233,0.932111836
2021_1155_1233,0.710096051
2021_1210_1233,0.702766961
2021_1156_1233,0.44647949
2021_1180_1233,0.453695738
2021_1124_1233,0.933763211
2021_1116_1233,0.902200549
2021_1196_1233,0.706906095
2021_1159_1233,0.815563093
2021_1216_1233,0.463329172
2021_1276_1291,0.920533883
2021_1104_1291,0.914386399
2021_1199_1291,0.898901682
2021_1160_1291,0.906129543
2021_1140_1291,0.86187858
2021_1163_1291,0.885102151
2021_1261_1291,0.867584012
2021_1268_1291,0.768257305
2021_1277_1291,0.589809441
2021_1207_1291,0.586249925
2021_1101_1291,0.787568406
2021_1233_1291,0.516372088
2021_1211_1291,0.945380318
2021_1234_1291,0.92858764
2021_1242_1291,0.907956672
2021_1166_1291,0.89513984
2021_1281_1291,0.765818196
2021_1179_1291,0.822398171
2021_1186_1291,0.510089608
2021_1213_1291,0.597447339
2021_1111_1291,0.511037704
2021_1228_1291,0.918633692
2021_1222_1291,0.937462256
2021_1155_1291,0.811951818
2021_1260_1291,0.883465177
2021_1210_1291,0.852950128
2021_1251_1291,0.653786019
2021_1287_1291,0.503832051
2021_1156_1291,0.523414
2021_1180_1291,0.492823835
2021_1124_1291,0.938842304
2021_1116_1291,0.919125553
2021_1196_1291,0.85862137
2021_1159_1291,0.858295583
2021_1216_1291,0.519426786
2021_1276_1411,0.913606984
2021_1104_1411,0.89911542
2021_1400_1411,0.857601142
2021_1199_1411,0.888863137
2021_1160_1411,0.894046028
2021_1140_1411,0.841617308
2021_1163_1411,0.861143719
2021_1261_1411,0.852480063
2021_1382_1411,0.859973587
2021_1268_1411,0.781575051
2021_1277_1411,0.601895498
2021_1207_1411,0.637136418
2021_1101_1411,0.774182561
2021_1233_1411,0.484696335
2021_1291_1411,0.432643422
2021_1211_1411,0.945075449
2021_1234_1411,0.920795101
2021_1242_1411,0.889803617
2021_1166_1411,0.876106812
2021_1332_1411,0.859421179
2021_1328_1411,0.838316848
2021_1281_1411,0.783593011
2021_1179_1411,0.79961061
2021_1364_1411,0.799926756
2021_1325_1411,0.679901259
2021_1186_1411,0.579611707
2021_1213_1411,0.586330401
2021_1111_1411,0.489075106
2021_1313_1411,0.462666296
2021_1228_1411,0.909719836
2021_1222_1411,0.937322357
2021_1329_1411,0.83162567
2021_1397_1411,0.89868551
2021_1361_1411,0.894918513
2021_1155_1411,0.821396588
2021_1260_1411,0.866903771
2021_1210_1411,0.835822667
2021_1353_1411,0.816511291
2021_1393_1411,0.826106755
2021_1333_1411,0.590545255
2021_1251_1411,0.636710088
2021_1287_1411,0.487934844
2021_1156_1411,0.462542387
2021_1180_1411,0.463112296
2021_1124_1411,0.938913794
2021_1326_1411,0.88906773
2021_1116_1411,0.910175508
2021_1345_1411,0.867686695
2021_1403_1411,0.903760775
2021_1196_1411,0.832522476
2021_1314_1411,0.841209718
2021_1317_1411,0.755096454
2021_1159_1411,0.840327075
2021_1331_1411,0.435442221
2021_1216_1411,0.474456919
2021_1104_1211,0.22446866
2021_1199_1211,0.1596714
2021_1160_1211,0.158636345
2021_1140_1211,0.128812425
2021_1163_1211,0.140936161
2021_1207_1211,0.071760204
2021_1101_1211,0.095891034
2021_1166_1211,0.143143178
2021_1179_1211,0.095959318
2021_1186_1211,0.06238562
2021_1111_1211,0.060225906
2021_1155_1211,0.112882547
2021_1210_1211,0.114517902
2021_1156_1211,0.062321756
2021_1180_1211,0.063087129
2021_1124_1211,0.432708152
2021_1116_1211,0.175067546
2021_1196_1211,0.12128299
2021_1159_1211,0.153653124
2021_1104_1234,0.425808539
2021_1199_1234,0.357782992
2021_1160_1234,0.367349562
2021_1140_1234,0.284361731
2021_1163_1234,0.301231255
2021_1207_1234,0.105856865
2021_1101_1234,0.194375548
2021_1233_1234,0.088304265
2021_1211_1234,0.745424029
2021_1166_1234,0.319812695
2021_1179_1234,0.204656931
2021_1186_1234,0.085915728
2021_1213_1234,0.099460585
2021_1111_1234,0.073348183
2021_1228_1234,0.467704491
2021_1222_1234,0.535942899
2021_1155_1234,0.223463088
2021_1210_1234,0.241307895
2021_1156_1234,0.077579146
2021_1180_1234,0.07901239
2021_1124_1234,0.597159946
2021_1116_1234,0.438536741
2021_1196_1234,0.241985577
2021_1159_1234,0.244133503
2021_1216_1234,0.080817957
2021_1104_1242,0.485449052
2021_1199_1242,0.47410805
2021_1160_1242,0.482788078
2021_1140_1242,0.411598673
2021_1163_1242,0.446906109
2021_1207_1242,0.201879119
2021_1101_1242,0.289989135
2021_1233_1242,0.162259846
2021_1211_1242,0.844852811
2021_1234_1242,0.598110158
2021_1166_1242,0.452528902
2021_1179_1242,0.326937602
2021_1186_1242,0.163730258
2021_1213_1242,0.209361377
2021_1111_1242,0.099982943
2021_1228_1242,0.594769861
2021_1222_1242,0.727263848
2021_1155_1242,0.391709011
2021_1210_1242,0.412851707
2021_1156_1242,0.100348989
2021_1180_1242,0.105526778
2021_1124_1242,0.75945115
2021_1116_1242,0.502739589
2021_1196_1242,0.415525736
2021_1159_1242,0.380714495
2021_1216_1242,0.105891358
2021_1276_1438,0.60164845
2021_1104_1438,0.522108873
2021_1400_1438,0.436578501
2021_1199_1438,0.47372477
2021_1160_1438,0.490393706
2021_1140_1438,0.412049399
2021_1163_1438,0.463083891
2021_1261_1438,0.438161054
2021_1382_1438,0.451704381
2021_1268_1438,0.365042396
2021_1277_1438,0.264024683
2021_1417_1438,0.387657695
2021_1207_1438,0.216216167
2021_1422_1438,0.251579092
2021_1101_1438,0.298283942
2021_1233_1438,0.167564608
2021_1291_1438,0.101711518
2021_1411_1438,0.109079202
2021_1211_1438,0.852973127
2021_1234_1438,0.594935366
2021_1242_1438,0.489593074
2021_1166_1438,0.458831279
2021_1425_1438,0.48318703
2021_1332_1438,0.442395503
2021_1328_1438,0.422214543
2021_1281_1438,0.355668637
2021_1433_1438,0.418765501
2021_1179_1438,0.343040878
2021_1364_1438,0.336396972
2021_1325_1438,0.235592145
2021_1186_1438,0.167718875
2021_1213_1438,0.201654115
2021_1111_1438,0.108419778
2021_1313_1438,0.105109433
2021_1228_1438,0.595688207
2021_1222_1438,0.747555029
2021_1329_1438,0.393169733
2021_1397_1438,0.496350559
2021_1361_1438,0.518480947
2021_1155_1438,0.401661042
2021_1260_1438,0.464250368
2021_1210_1438,0.443007787
2021_1353_1438,0.393450667
2021_1393_1438,0.426068998
2021_1333_1438,0.208028374
2021_1251_1438,0.210372709
2021_1287_1438,0.131855685
2021_1156_1438,0.10847127
2021_1180_1438,0.110184813
2021_1124_1438,0.770627068
2021_1326_1438,0.48436352
2021_1116_1438,0.503332057
2021_1345_1438,0.449334537
2021_1437_1438,0.519807962
2021_1403_1438,0.542612056
2021_1196_1438,0.41059096
2021_1314_1438,0.44589246
2021_1429_1438,0.360994133
2021_1317_1438,0.285756569
2021_1159_1438,0.389644721
2021_1331_1438,0.102192451
2021_1216_1438,0.111349314
2021_1104_1166,0.522745379
2021_1160_1166,0.493972245
2021_1140_1166,0.428150698
2021_1163_1166,0.456697711
2021_1101_1166,0.314192731
2021_1111_1166,0.107304522
2021_1155_1166,0.407609386
2021_1156_1166,0.111004778
2021_1124_1166,0.773218771
2021_1116_1166,0.515944042
2021_1159_1166,0.404488833
2021_1276_1425,0.591289523
2021_1104_1425,0.539538535
2021_1400_1425,0.410272758
2021_1199_1425,0.478951653
2021_1160_1425,0.512806845
2021_1140_1425,0.413775176
2021_1163_1425,0.455259198
2021_1261_1425,0.428361424
2021_1382_1425,0.465564905
2021_1268_1425,0.361834902
2021_1277_1425,0.199691864
2021_1417_1425,0.381129297
2021_1207_1425,0.209543973
2021_1422_1425,0.266008388
2021_1101_1425,0.301214445
2021_1233_1425,0.126915414
2021_1291_1425,0.100187459
2021_1411_1425,0.10447403
2021_1211_1425,0.850503287
2021_1234_1425,0.600026833
2021_1242_1425,0.488955513
2021_1166_1425,0.462829177
2021_1332_1425,0.448277146
2021_1328_1425,0.432408594
2021_1281_1425,0.331730209
2021_1179_1425,0.402876568
2021_1364_1425,0.356751187
2021_1325_1425,0.240031075
2021_1186_1425,0.17511885
2021_1213_1425,0.18757079
2021_1111_1425,0.111268735
2021_1313_1425,0.10739961
2021_1228_1425,0.583156488
2021_1222_1425,0.687075591
2021_1329_1425,0.366184532
2021_1397_1425,0.518575558
2021_1361_1425,0.509006889
2021_1155_1425,0.37546309
2021_1260_1425,0.4615379
2021_1210_1425,0.437173394
2021_1353_1425,0.376262821
2021_1393_1425,0.432014085
2021_1333_1425,0.171266411
2021_1251_1425,0.207119504
2021_1287_1425,0.130705674
2021_1156_1425,0.11554722
2021_1180_1425,0.106821791
2021_1124_1425,0.758439516
2021_1326_1425,0.515305066
2021_1116_1425,0.525284764
2021_1345_1425,0.433194053
2021_1403_1425,0.545461468
2021_1196_1425,0.401543059
2021_1314_1425,0.410525694
2021_1317_1425,0.304710741
2021_1159_1425,0.406517824
2021_1331_1425,0.107101543
2021_1216_1425,0.117431777
2021_1276_1332,0.678612807
2021_1104_1332,0.588609129
2021_1199_1332,0.512494476
2021_1160_1332,0.511022073
2021_1140_1332,0.460576062
2021_1163_1332,0.469910617
2021_1261_1332,0.443527336
2021_1268_1332,0.416081497
2021_1277_1332,0.320453645
2021_1207_1332,0.295588252
2021_1101_1332,0.346378406
2021_1233_1332,0.213466207
2021_1291_1332,0.124714377
2021_1211_1332,0.863736293
2021_1234_1332,0.720117864
2021_1242_1332,0.51255225
2021_1166_1332,0.493467039
2021_1328_1332,0.44397696
2021_1281_1332,0.404717958
2021_1179_1332,0.42976665
2021_1325_1332,0.296141523
2021_1186_1332,0.252471582
2021_1213_1332,0.272347986
2021_1111_1332,0.12359196
2021_1313_1332,0.121074937
2021_1228_1332,0.740804286
2021_1222_1332,0.828903143
2021_1329_1332,0.430408314
2021_1155_1332,0.429938105
2021_1260_1332,0.495858494
2021_1210_1332,0.456514756
2021_1251_1332,0.281289562
2021_1287_1332,0.229278846
2021_1156_1332,0.136197867
2021_1180_1332,0.187203302
2021_1124_1332,0.833885179
2021_1326_1332,0.573690471
2021_1116_1332,0.584245048
2021_1196_1332,0.449195605
2021_1314_1332,0.467874468
2021_1317_1332,0.393581914
2021_1159_1332,0.513044402
2021_1331_1332,0.128845792
2021_1216_1332,0.181996416
2021_1276_1328,0.748918425
2021_1104_1328,0.61007126
2021_1199_1328,0.539324014
2021_1160_1328,0.532979851
2021_1140_1328,0.476609976
2021_1163_1328,0.486535102
2021_1261_1328,0.462841816
2021_1268_1328,0.439514288
2021_1277_1328,0.332156954
2021_1207_1328,0.348134898
2021_1101_1328,0.370859035
2021_1233_1328,0.245234813
2021_1291_1328,0.139275068
2021_1211_1328,0.882818935
2021_1234_1328,0.74067847
2021_1242_1328,0.539211811
2021_1166_1328,0.508654457
2021_1281_1328,0.422250607
2021_1179_1328,0.454293017
2021_1325_1328,0.329215307
2021_1186_1328,0.273383042
2021_1213_1328,0.291442927
2021_1111_1328,0.137688898
2021_1313_1328,0.13880361
2021_1228_1328,0.761298415
2021_1222_1328,0.847870166
2021_1155_1328,0.439513969
2021_1260_1328,0.514421909
2021_1210_1328,0.472673637
2021_1251_1328,0.298614354
2021_1287_1328,0.245983006
2021_1156_1328,0.154013114
2021_1180_1328,0.204240082
2021_1124_1328,0.851430054
2021_1326_1328,0.601937471
2021_1116_1328,0.606708619
2021_1196_1328,0.474177405
2021_1314_1328,0.48810155
2021_1317_1328,0.412285842
2021_1159_1328,0.53903916
2021_1216_1328,0.198615737
2021_1276_1281,0.802139535
2021_1104_1281,0.756028447
2021_1199_1281,0.635776233
2021_1160_1281,0.65736729
2021_1140_1281,0.52950965
2021_1163_1281,0.562760299
2021_1261_1281,0.54622628
2021_1268_1281,0.497070513
2021_1277_1281,0.423406638
2021_1207_1281,0.421676744
2021_1101_1281,0.506297317
2021_1233_1281,0.330325791
2021_1211_1281,0.910834333
2021_1234_1281,0.799337138
2021_1242_1281,0.648502644
2021_1166_1281,0.615534352
2021_1179_1281,0.521618148
2021_1186_1281,0.324734913
2021_1213_1281,0.366585625
2021_1111_1281,0.193205283
2021_1228_1281,0.842371554
2021_1222_1281,0.888157925
2021_1155_1281,0.521562783
2021_1260_1281,0.648003793
2021_1210_1281,0.561549678
2021_1251_1281,0.415836735
2021_1156_1281,0.271966791
2021_1180_1281,0.293170068
2021_1124_1281,0.893701607
2021_1116_1281,0.75891214
2021_1196_1281,0.531343204
2021_1159_1281,0.673972743
2021_1216_1281,0.269835334
2021_1276_1433,0.715072287
2021_1104_1433,0.648210372
2021_1400_1433,0.532851922
2021_1199_1433,0.591074283
2021_1160_1433,0.59625118
2021_1140_1433,0.484861646
2021_1163_1433,0.484956878
2021_1261_1433,0.473465131
2021_1382_1433,0.510588943
2021_1268_1433,0.443068072
2021_1277_1433,0.34744104
2021_1417_1433,0.462461649
2021_1207_1433,0.369134277
2021_1422_1433,0.413085756
2021_1101_1433,0.443586437
2021_1233_1433,0.264139717
2021_1291_1433,0.164946064
2021_1411_1433,0.166569513
2021_1211_1433,0.886614114
2021_1234_1433,0.757060108
2021_1242_1433,0.591362974
2021_1166_1433,0.552632522
2021_1425_1433,0.587921216
2021_1332_1433,0.497861019
2021_1328_1433,0.475894488
2021_1281_1433,0.426238114
2021_1179_1433,0.461754891
2021_1364_1433,0.469915873
2021_1325_1433,0.379803201
2021_1186_1433,0.327092135
2021_1213_1433,0.352458443
2021_1111_1433,0.16576769
2021_1313_1433,0.154186475
2021_1228_1433,0.774958155
2021_1222_1433,0.857512864
2021_1329_1433,0.463367743
2021_1397_1433,0.58472407
2021_1361_1433,0.562336604
2021_1155_1433,0.446756545
2021_1260_1433,0.554898273
2021_1210_1433,0.493028012
2021_1353_1433,0.45291604
2021_1393_1433,0.489132905
2021_1333_1433,0.333247314
2021_1251_1433,0.364046066
2021_1287_1433,0.259135059
2021_1156_1433,0.171042442
2021_1180_1433,0.235689309
2021_1124_1433,0.861717359
2021_1326_1433,0.641545179
2021_1116_1433,0.637662939
2021_1345_1433,0.565303777
2021_1403_1433,0.641254006
2021_1196_1433,0.476867136
2021_1314_1433,0.488048915
2021_1429_1433,0.486418102
2021_1317_1433,0.42409364
2021_1159_1433,0.564164596
2021_1331_1433,0.161323521
2021_1216_1433,0.17719173
2021_1104_1179,0.676913489
2021_1160_1179,0.606520783
2021_1140_1179,0.51132253
2021_1163_1179,0.537081682
2021_1101_1179,0.445455147
2021_1166_1179,0.57940888
2021_1111_1179,0.171804836
2021_1155_1179,0.459030373
2021_1156_1179,0.182944365
2021_1124_1179,0.87549369
2021_1116_1179,0.658135136
2021_1159_1179,0.564629649
2021_1276_1455,0.878734519
2021_1104_1455,0.834821558
2021_1400_1455,0.660300111
2021_1199_1455,0.754198682
2021_1160_1455,0.748220767
2021_1140_1455,0.691863974
2021_1163_1455,0.653084916
2021_1261_1455,0.613351593
2021_1382_1455,0.699664482
2021_1268_1455,0.519491838
2021_1277_1455,0.442092908
2021_1417_1455,0.527300103
2021_1207_1455,0.450042502
2021_1422_1455,0.497867593
2021_1101_1455,0.541980636
2021_1233_1455,0.409257233
2021_1291_1455,0.286659245
2021_1411_1455,0.296308696
2021_1211_1455,0.925433295
2021_1234_1455,0.868801901
2021_1242_1455,0.698257785
2021_1438_1455,0.670474962
2021_1166_1455,0.671738939
2021_1425_1455,0.748307059
2021_1332_1455,0.618448461
2021_1328_1455,0.597607751
2021_1281_1455,0.495842399
2021_1433_1455,0.574012548
2021_1179_1455,0.539338195
2021_1364_1455,0.536724632
2021_1325_1455,0.466955387
2021_1186_1455,0.420103545
2021_1213_1455,0.447573656
2021_1111_1455,0.28884244
2021_1313_1455,0.290647643
2021_1228_1455,0.877520332
2021_1222_1455,0.908276377
2021_1452_1455,0.690954992
2021_1329_1455,0.57855889
2021_1397_1455,0.745814911
2021_1361_1455,0.751790176
2021_1155_1455,0.567603126
2021_1260_1455,0.730120774
2021_1210_1455,0.587008399
2021_1353_1455,0.589180253
2021_1393_1455,0.559228339
2021_1333_1455,0.442611623
2021_1251_1455,0.429488038
2021_1287_1455,0.41250193
2021_1156_1455,0.34395063
2021_1180_1455,0.385449635
2021_1124_1455,0.912965306
2021_1326_1455,0.780826155
2021_1116_1455,0.843152643
2021_1345_1455,0.661070146
2021_1437_1455,0.72702066
2021_1403_1455,0.786265621
2021_1196_1455,0.591715268
2021_1314_1455,0.620459262
2021_1439_1455,0.510868858
2021_1429_1455,0.574374729
2021_1317_1455,0.495490088
2021_1159_1455,0.700183786
2021_1331_1455,0.316178893
2021_1216_1455,0.372994074
2021_1276_1364,0.809371715
2021_1104_1364,0.753538034
2021_1199_1364,0.670311365
2021_1160_1364,0.650626215
2021_1140_1364,0.556411252
2021_1163_1364,0.579879058
2021_1261_1364,0.544465798
2021_1268_1364,0.498591189
2021_1277_1364,0.390904887
2021_1207_1364,0.388234459
2021_1101_1364,0.456655352
2021_1233_1364,0.349675583
2021_1291_1364,0.276759611
2021_1211_1364,0.898825595
2021_1234_1364,0.795905603
2021_1242_1364,0.668479331
2021_1166_1364,0.6031855
2021_1332_1364,0.545074786
2021_1328_1364,0.522056686
2021_1281_1364,0.456148783
2021_1179_1364,0.459997314
2021_1325_1364,0.391416161
2021_1186_1364,0.345403969
2021_1213_1364,0.395911701
2021_1111_1364,0.205506326
2021_1313_1364,0.223703913
2021_1228_1364,0.801419875
2021_1222_1364,0.880162481
2021_1329_1364,0.543927983
2021_1361_1364,0.636190109
2021_1155_1364,0.521038882
2021_1260_1364,0.599687103
2021_1210_1364,0.517687319
2021_1353_1364,0.531805303
2021_1333_1364,0.376365854
2021_1251_1364,0.378135386
2021_1287_1364,0.33787415
2021_1156_1364,0.279100343
2021_1180_1364,0.308136238
2021_1124_1364,0.883135427
2021_1326_1364,0.685709305
2021_1116_1364,0.75025236
2021_1345_1364,0.609854831
2021_1196_1364,0.552681116
2021_1314_1364,0.563942058
2021_1317_1364,0.450744242
2021_1159_1364,0.580152356
2021_1331_1364,0.265155478
2021_1216_1364,0.29159599
2021_1276_1325,0.874115179
2021_1104_1325,0.791573181
2021_1199_1325,0.71299177
2021_1160_1325,0.696080437
2021_1140_1325,0.628050771
2021_1163_1325,0.618710046
2021_1261_1325,0.594062999
2021_1268_1325,0.541597351
2021_1277_1325,0.471774914
2021_1207_1325,0.438092014
2021_1101_1325,0.497833675
2021_1233_1325,0.405645871
2021_1291_1325,0.317808947
2021_1211_1325,0.91971919
2021_1234_1325,0.867088864
2021_1242_1325,0.7149287
2021_1166_1325,0.68503655
2021_1281_1325,0.531776802
2021_1179_1325,0.554355403
2021_1186_1325,0.393990461
2021_1213_1325,0.425397326
2021_1111_1325,0.313441686
2021_1313_1325,0.302159898
2021_1228_1325,0.877766721
2021_1222_1325,0.904482931
2021_1155_1325,0.562333674
2021_1260_1325,0.728880576
2021_1210_1325,0.589837797
2021_1251_1325,0.418400331
2021_1287_1325,0.397713474
2021_1156_1325,0.325105703
2021_1180_1325,0.37114872
2021_1124_1325,0.901728526
2021_1116_1325,0.795374837
2021_1196_1325,0.592402939
2021_1314_1325,0.604994676
2021_1317_1325,0.475085819
2021_1159_1325,0.736819307
2021_1216_1325,0.345754969
2021_1104_1186,0.87714155
2021_1160_1186,0.814745521
2021_1140_1186,0.739813459
2021_1163_1186,0.722548987
2021_1101_1186,0.577582427
2021_1166_1186,0.793910598
2021_1179_1186,0.643356012
2021_1111_1186,0.383690341
2021_1155_1186,0.640757323
2021_1156_1186,0.391492417
2021_1180_1186,0.419604283
2021_1124_1186,0.926140171
2021_1116_1186,0.881558915
2021_1159_1186,0.793027002
2021_1104_1213,0.843161616
2021_1199_1213,0.767996225
2021_1160_1213,0.778878601
2021_1140_1213,0.697041188
2021_1163_1213,0.737772586
2021_1207_1213,0.473697896
2021_1101_1213,0.55530571
2021_1211_1213,0.937906972
2021_1166_1213,0.753890162
2021_1179_1213,0.629333592
2021_1186_1213,0.436594515
2021_1111_1213,0.395128043
2021_1155_1213,0.663200033
2021_1210_1213,0.665924403
2021_1156_1213,0.40059761
2021_1180_1213,0.411482179
2021_1124_1213,0.922271091
2021_1116_1213,0.850085252
2021_1196_1213,0.652553515
2021_1159_1213,0.790082959
2021_1104_1111,0.896012993
2021_1101_1111,0.75473632
2021_1276_1313,0.91917957
2021_1104_1313,0.898068243
2021_1199_1313,0.895851426
2021_1160_1313,0.893385797
2021_1140_1313,0.862521715
2021_1163_1313,0.864382216
2021_1261_1313,0.842439428
2021_1268_1313,0.747609855
2021_1277_1313,0.625804507
2021_1207_1313,0.596493927
2021_1101_1313,0.771151432
2021_1233_1313,0.511118942
2021_1291_1313,0.461713978
2021_1211_1313,0.941185473
2021_1234_1313,0.918934435
2021_1242_1313,0.891068106
2021_1166_1313,0.878828897
2021_1281_1313,0.741457798
2021_1179_1313,0.796668477
2021_1186_1313,0.504572358
2021_1213_1313,0.608961265
2021_1111_1313,0.463961179
2021_1228_1313,0.917083237
2021_1222_1313,0.934808682
2021_1155_1313,0.768784794
2021_1260_1313,0.863256749
2021_1210_1313,0.839080711
2021_1251_1313,0.633217273
2021_1287_1313,0.512376076
2021_1156_1313,0.480387929
2021_1180_1313,0.472570698
2021_1124_1313,0.937644374
2021_1116_1313,0.907785872
2021_1196_1313,0.840698607
2021_1159_1313,0.838582164
2021_1216_1313,0.483932306
2021_1104_1228,0.45624002
2021_1199_1228,0.375077842
2021_1160_1228,0.403240605
2021_1140_1228,0.290606371
2021_1163_1228,0.296612476
2021_1207_1228,0.112400577
2021_1101_1228,0.214725962
2021_1211_1228,0.747753427
2021_1166_1228,0.342411539
2021_1179_1228,0.237524503
2021_1186_1228,0.093493798
2021_1213_1228,0.104328722
2021_1111_1228,0.100511652
2021_1222_1228,0.590612588
2021_1155_1228,0.195483784
2021_1210_1228,0.272260581
2021_1156_1228,0.085301023
2021_1180_1228,0.083966141
2021_1124_1228,0.585500922
2021_1116_1228,0.437691674
2021_1196_1228,0.256478652
2021_1159_1228,0.288167162
2021_1216_1228,0.090661436
2021_1104_1222,0.343292577
2021_1199_1222,0.293642894
2021_1160_1222,0.296273978
2021_1140_1222,0.210740294
2021_1163_1222,0.225557148
2021_1207_1222,0.079779756
2021_1101_1222,0.098201916
2021_1211_1222,0.598041973
2021_1166_1222,0.26833645
2021_1179_1222,0.115879807
2021_1186_1222,0.06663776
2021_1213_1222,0.075668906
2021_1111_1222,0.059705831
2021_1155_1222,0.134619259
2021_1210_1222,0.141254863
2021_1156_1222,0.061217446
2021_1180_1222,0.06263293
2021_1124_1222,0.512191813
2021_1116_1222,0.346729386
2021_1196_1222,0.153471291
2021_1159_1222,0.197519175
2021_1216_1222,0.063142007
2021_1276_1452,0.611196967
2021_1104_1452,0.537358924
2021_1400_1452,0.434392767
2021_1199_1452,0.484091231
2021_1160_1452,0.48759419
2021_1140_1452,0.414647514
2021_1163_1452,0.452421573
2021_1261_1452,0.408944765
2021_1382_1452,0.443464047
2021_1268_1452,0.369161594
2021_1277_1452,0.259812186
2021_1417_1452,0.377751808
2021_1207_1452,0.227804705
2021_1422_1452,0.251738854
2021_1101_1452,0.27556301
2021_1233_1452,0.16384105
2021_1291_1452,0.098973485
2021_1411_1452,0.105615901
2021_1211_1452,0.838108717
2021_1234_1452,0.60415665
2021_1242_1452,0.481542473
2021_1438_1452,0.470681531
2021_1166_1452,0.453625723
2021_1425_1452,0.49258993
2021_1332_1452,0.4244879
2021_1328_1452,0.398066519
2021_1281_1452,0.359437759
2021_1433_1452,0.416506204
2021_1179_1452,0.368921894
2021_1364_1452,0.310634011
2021_1325_1452,0.220995808
2021_1186_1452,0.166782635
2021_1213_1452,0.210382048
2021_1111_1452,0.0979037
2021_1313_1452,0.094793857
2021_1228_1452,0.604829224
2021_1222_1452,0.739213314
2021_1329_1452,0.396724389
2021_1397_1452,0.493918177
2021_1361_1452,0.491965112
2021_1155_1452,0.391889763
2021_1260_1452,0.460427244
2021_1210_1452,0.408038616
2021_1353_1452,0.388581477
2021_1393_1452,0.399695303
2021_1333_1452,0.194479312
2021_1251_1452,0.210531512
2021_1287_1452,0.171552741
2021_1156_1452,0.103722843
2021_1180_1452,0.151416769
2021_1124_1452,0.758281074
2021_1326_1452,0.528335096
2021_1116_1452,0.50502531
2021_1345_1452,0.463833787
2021_1437_1452,0.493089873
2021_1403_1452,0.533153607
2021_1196_1452,0.42493973
2021_1314_1452,0.445466368
2021_1439_1452,0.370277672
2021_1429_1452,0.403474809
2021_1317_1452,0.282947737
2021_1159_1452,0.381278231
2021_1331_1452,0.095451466
2021_1216_1452,0.106238899
2021_1276_1329,0.771383717
2021_1104_1329,0.659235565
2021_1199_1329,0.588943168
2021_1160_1329,0.607202433
2021_1140_1329,0.507825418
2021_1163_1329,0.547574686
2021_1261_1329,0.541947311
2021_1268_1329,0.470056935
2021_1277_1329,0.367990681
2021_1207_1329,0.326106282
2021_1101_1329,0.396505503
2021_1233_1329,0.230160642
2021_1291_1329,0.139136377
2021_1211_1329,0.898723707
2021_1234_1329,0.782865601
2021_1242_1329,0.60009907
2021_1166_1329,0.562140725
2021_1328_1329,0.545659518
2021_1281_1329,0.460038599
2021_1179_1329,0.511769518
2021_1325_1329,0.367177455
2021_1186_1329,0.27625659
2021_1213_1329,0.300625493
2021_1111_1329,0.164350021
2021_1313_1329,0.160545526
2021_1228_1329,0.764684595
2021_1222_1329,0.85728892
2021_1155_1329,0.527383093
2021_1260_1329,0.565459251
2021_1210_1329,0.546459497
2021_1251_1329,0.320902962
2021_1287_1329,0.231863025
2021_1156_1329,0.15789796
2021_1180_1329,0.208790847
2021_1124_1329,0.864807359
2021_1326_1329,0.632159803
2021_1116_1329,0.645660258
2021_1196_1329,0.523538754
2021_1314_1329,0.527440696
2021_1317_1329,0.391929049
2021_1159_1329,0.578857344
2021_1216_1329,0.219848055
2021_1276_1397,0.625015797
2021_1104_1397,0.537020043
2021_1199_1397,0.4925868
2021_1160_1397,0.493487765
2021_1140_1397,0.422500354
2021_1163_1397,0.448822689
2021_1261_1397,0.415412571
2021_1382_1397,0.46047409
2021_1268_1397,0.346087857
2021_1277_1397,0.201169924
2021_1207_1397,0.222693313
2021_1101_1397,0.299164306
2021_1233_1397,0.123595647
2021_1291_1397,0.102203212
2021_1211_1397,0.834649143
2021_1234_1397,0.587382018
2021_1242_1397,0.483829933
2021_1166_1397,0.456226364
2021_1332_1397,0.418466528
2021_1328_1397,0.400277462
2021_1281_1397,0.336621283
2021_1179_1397,0.36914683
2021_1364_1397,0.310745907
2021_1325_1397,0.210697269
2021_1186_1397,0.17128866
2021_1213_1397,0.18832238
2021_1111_1397,0.102145399
2021_1313_1397,0.099444999
2021_1228_1397,0.613027768
2021_1222_1397,0.663148351
2021_1329_1397,0.379324589
2021_1361_1397,0.491492741
2021_1155_1397,0.363699488
2021_1260_1397,0.453280281
2021_1210_1397,0.410911546
2021_1353_1397,0.364619925
2021_1393_1397,0.402811244
2021_1333_1397,0.167777401
2021_1251_1397,0.208878541
2021_1287_1397,0.128353044
2021_1156_1397,0.108581742
2021_1180_1397,0.108091889
2021_1124_1397,0.743539956
2021_1326_1397,0.530556674
2021_1116_1397,0.502342795
2021_1345_1397,0.447905638
2021_1196_1397,0.407002061
2021_1314_1397,0.431484702
2021_1317_1397,0.290946731
2021_1159_1397,0.394173116
2021_1331_1397,0.100286819
2021_1216_1397,0.110483241
2021_1276_1361,0.615906606
2021_1104_1361,0.521098333
2021_1199_1361,0.479268991
2021_1160_1361,0.469991397
2021_1140_1361,0.401395039
2021_1163_1361,0.431172394
2021_1261_1361,0.397533433
2021_1268_1361,0.330576409
2021_1277_1361,0.203023517
2021_1207_1361,0.217688997
2021_1101_1361,0.279806458
2021_1233_1361,0.121572488
2021_1291_1361,0.098475643
2021_1211_1361,0.833713801
2021_1234_1361,0.581647301
2021_1242_1361,0.464930861
2021_1166_1361,0.432578774
2021_1332_1361,0.39855401
2021_1328_1361,0.380302802
2021_1281_1361,0.323883379
2021_1179_1361,0.362014673
2021_1325_1361,0.209253547
2021_1186_1361,0.168654461
2021_1213_1361,0.186347647
2021_1111_1361,0.096895998
2021_1313_1361,0.095108663
2021_1228_1361,0.61066055
2021_1222_1361,0.642943589
2021_1329_1361,0.363883539
2021_1155_1361,0.343524676
2021_1260_1361,0.438069136
2021_1210_1361,0.392782486
2021_1353_1361,0.345823721
2021_1333_1361,0.163573024
2021_1251_1361,0.203449366
2021_1287_1361,0.129271597
2021_1156_1361,0.103803489
2021_1180_1361,0.107026134
2021_1124_1361,0.677095784
2021_1326_1361,0.527017492
2021_1116_1361,0.486267628
2021_1345_1361,0.424892622
2021_1196_1361,0.394932552
2021_1314_1361,0.418027123
2021_1317_1361,0.271203303
2021_1159_1361,0.387759257
2021_1331_1361,0.098346981
2021_1216_1361,0.104647115
2021_1104_1155,0.684633816
2021_1140_1155,0.495211727
2021_1101_1155,0.453758617
2021_1111_1155,0.157026446
2021_1124_1155,0.861422272
2021_1116_1155,0.697896798
2021_1104_1260,0.528804716
2021_1199_1260,0.485282931
2021_1160_1260,0.493550601
2021_1140_1260,0.420965185
2021_1163_1260,0.435752753
2021_1207_1260,0.238655662
2021_1101_1260,0.320049718
2021_1233_1260,0.1461536
2021_1211_1260,0.847770014
2021_1234_1260,0.604845228
2021_1242_1260,0.493611013
2021_1166_1260,0.447932304
2021_1179_1260,0.390895276
2021_1186_1260,0.187366883
2021_1213_1260,0.207206214
2021_1111_1260,0.116021287
2021_1228_1260,0.641422122
2021_1222_1260,0.673959714
2021_1155_1260,0.368505526
2021_1210_1260,0.420465018
2021_1251_1260,0.206205855
2021_1156_1260,0.120243275
2021_1180_1260,0.124851648
2021_1124_1260,0.702928802
2021_1116_1260,0.515505092
2021_1196_1260,0.407330086
2021_1159_1260,0.423754285
2021_1216_1260,0.122419481
2021_1104_1210,0.60792609
2021_1199_1210,0.587035565
2021_1160_1210,0.570800687
2021_1140_1210,0.473919001
2021_1163_1210,0.499700899
2021_1207_1210,0.347425626
2021_1101_1210,0.404392744
2021_1166_1210,0.547866484
2021_1179_1210,0.434112557
2021_1186_1210,0.274218012
2021_1111_1210,0.14448714
2021_1155_1210,0.439700953
2021_1156_1210,0.165804752
2021_1180_1210,0.214697309
2021_1124_1210,0.854028257
2021_1116_1210,0.620287994
2021_1196_1210,0.456257202
2021_1159_1210,0.535586988
2021_1276_1353,0.776087842
2021_1104_1353,0.697732898
2021_1199_1353,0.551920606
2021_1160_1353,0.558464843
2021_1140_1353,0.491969369
2021_1163_1353,0.491618718
2021_1261_1353,0.484165969
2021_1268_1353,0.43434111
2021_1277_1353,0.376396858
2021_1207_1353,0.329003995
2021_1101_1353,0.387558971
2021_1233_1353,0.272396816
2021_1291_1353,0.20505263
2021_1211_1353,0.894716363
2021_1234_1353,0.773905609
2021_1242_1353,0.552217866
2021_1166_1353,0.522846756
2021_1332_1353,0.491376329
2021_1328_1353,0.469508351
2021_1281_1353,0.433604191
2021_1179_1353,0.462941802
2021_1325_1353,0.352610522
2021_1186_1353,0.290738259
2021_1213_1353,0.322214218
2021_1111_1353,0.163557303
2021_1313_1353,0.202935963
2021_1228_1353,0.830345983
2021_1222_1353,0.870938279
2021_1329_1353,0.455717384
2021_1155_1353,0.443445143
2021_1260_1353,0.583300452
2021_1210_1353,0.481863731
2021_1333_1353,0.317126685
2021_1251_1353,0.319011996
2021_1287_1353,0.293857344
2021_1156_1353,0.215848918
2021_1180_1353,0.243123551
2021_1124_1353,0.874379331
2021_1326_1353,0.623595217
2021_1116_1353,0.702190426
2021_1345_1353,0.505452272
2021_1196_1353,0.473060742
2021_1314_1353,0.494498918
2021_1317_1353,0.413979644
2021_1159_1353,0.634118807
2021_1331_1353,0.202593362
2021_1216_1353,0.220150105
2021_1276_1393,0.777975473
2021_1104_1393,0.655918235
2021_1199_1393,0.590849071
2021_1160_1393,0.581815035
2021_1140_1393,0.478349734
2021_1163_1393,0.493318336
2021_1261_1393,0.458982864
2021_1382_1393,0.484766656
2021_1268_1393,0.430163687
2021_1277_1393,0.336795671
2021_1207_1393,0.347559474
2021_1101_1393,0.418792766
2021_1233_1393,0.264853403
2021_1291_1393,0.21098633
2021_1211_1393,0.893288728
2021_1234_1393,0.75995758
2021_1242_1393,0.595095239
2021_1166_1393,0.563940624
2021_1332_1393,0.469285927
2021_1328_1393,0.454433564
2021_1281_1393,0.41560721
2021_1179_1393,0.437285795
2021_1364_1393,0.446046372
2021_1325_1393,0.364916729
2021_1186_1393,0.317561223
2021_1213_1393,0.348794144
2021_1111_1393,0.158530521
2021_1313_1393,0.157283741
2021_1228_1393,0.778756942
2021_1222_1393,0.859189699
2021_1329_1393,0.444578158
2021_1361_1393,0.567692888
2021_1155_1393,0.440669857
2021_1260_1393,0.557665374
2021_1210_1393,0.463447408
2021_1353_1393,0.445139228
2021_1333_1393,0.326178515
2021_1251_1393,0.347792553
2021_1287_1393,0.291844563
2021_1156_1393,0.166919387
2021_1180_1393,0.226466853
2021_1124_1393,0.860531127
2021_1326_1393,0.639934194
2021_1116_1393,0.627168168
2021_1345_1393,0.552520296
2021_1196_1393,0.464226345
2021_1314_1393,0.476745315
2021_1317_1393,0.418274497
2021_1159_1393,0.546522639
2021_1331_1393,0.200258408
2021_1216_1393,0.220517793
2021_1276_1333,0.886792541
2021_1104_1333,0.85941267
2021_1199_1333,0.785258645
2021_1160_1333,0.825967541
2021_1140_1333,0.718955467
2021_1163_1333,0.732664793
2021_1261_1333,0.704683609
2021_1268_1333,0.579779993
2021_1277_1333,0.490637577
2021_1207_1333,0.450612943
2021_1101_1333,0.620419692
2021_1233_1333,0.430222466
2021_1291_1333,0.384269361
2021_1211_1333,0.928600124
2021_1234_1333,0.882067493
2021_1242_1333,0.797945683
2021_1166_1333,0.766447677
2021_1332_1333,0.655641614
2021_1328_1333,0.629441576
2021_1281_1333,0.556341722
2021_1179_1333,0.559245688
2021_1325_1333,0.480903399
2021_1186_1333,0.421139222
2021_1213_1333,0.449618561
2021_1111_1333,0.357186571
2021_1313_1333,0.375231378
2021_1228_1333,0.889234232
2021_1222_1333,0.919331521
2021_1329_1333,0.617103785
2021_1155_1333,0.605248088
2021_1260_1333,0.805090619
2021_1210_1333,0.661152508
2021_1251_1333,0.44541336
2021_1287_1333,0.438045848
2021_1156_1333,0.3851671
2021_1180_1333,0.41260297
2021_1124_1333,0.920135283
2021_1326_1333,0.802032062
2021_1116_1333,0.857146335
2021_1196_1333,0.631060787
2021_1314_1333,0.710239848
2021_1317_1333,0.511887426
2021_1159_1333,0.764271044
2021_1331_1333,0.359254156
2021_1216_1333,0.392493068
2021_1104_1251,0.821314534
2021_1199_1251,0.74783753
2021_1160_1251,0.742828734
2021_1140_1251,0.651653023
2021_1163_1251,0.664140723
2021_1207_1251,0.468207099
2021_1101_1251,0.562533311
2021_1233_1251,0.434122325
2021_1211_1251,0.93149967
2021_1234_1251,0.893051728
2021_1242_1251,0.750070705
2021_1166_1251,0.72258188
2021_1179_1251,0.555389254
2021_1186_1251,0.433528433
2021_1213_1251,0.466763573
2021_1111_1251,0.353298719
2021_1228_1251,0.897639741
2021_1222_1251,0.92438895
2021_1155_1251,0.615006927
2021_1210_1251,0.653830384
2021_1156_1251,0.36300562
2021_1180_1251,0.40972113
2021_1124_1251,0.92091425
2021_1116_1251,0.827918227
2021_1196_1251,0.637159272
2021_1159_1251,0.766687923
2021_1216_1251,0.383346981
2021_1276_1287,0.906232166
2021_1104_1287,0.894881959
2021_1199_1287,0.874029509
2021_1160_1287,0.873887223
2021_1140_1287,0.820511942
2021_1163_1287,0.804234067
2021_1261_1287,0.779020603
2021_1268_1287,0.654963756
2021_1277_1287,0.553089637
2021_1207_1287,0.484427362
2021_1101_1287,0.646173104
2021_1233_1287,0.463439989
2021_1211_1287,0.941358155
2021_1234_1287,0.913328462
2021_1242_1287,0.845832812
2021_1166_1287,0.820679769
2021_1281_1287,0.647861583
2021_1179_1287,0.729148777
2021_1186_1287,0.466870006
2021_1213_1287,0.490433911
2021_1111_1287,0.457814624
2021_1228_1287,0.908392315
2021_1222_1287,0.927095015
2021_1155_1287,0.685938667
2021_1260_1287,0.84567033
2021_1210_1287,0.693570096
2021_1251_1287,0.51341889
2021_1156_1287,0.468617401
2021_1180_1287,0.463353367
2021_1124_1287,0.929189758
2021_1116_1287,0.897576802
2021_1196_1287,0.774534902
2021_1159_1287,0.814392413
2021_1216_1287,0.482819658
2021_1104_1156,0.890970403
2021_1140_1156,0.847695139
2021_1101_1156,0.737020563
2021_1111_1156,0.459495275
2021_1155_1156,0.761658468
2021_1124_1156,0.938214566
2021_1116_1156,0.897605017
2021_1104_1180,0.893080843
2021_1160_1180,0.895571138
2021_1140_1180,0.84170227
2021_1163_1180,0.8059432
2021_1101_1180,0.667363997
2021_1166_1180,0.873755698
2021_1179_1180,0.750238395
2021_1111_1180,0.469439666
2021_1155_1180,0.703074659
2021_1156_1180,0.447985372
2021_1124_1180,0.934810266
2021_1116_1180,0.911681178
2021_1159_1180,0.829397589
2021_1104_1124,0.313768366
2021_1101_1124,0.102139189
2021_1111_1124,0.06581918
2021_1116_1124,0.312518314
2021_1276_1326,0.581191972
2021_1104_1326,0.485121609
2021_1199_1326,0.468509836
2021_1160_1326,0.48789117
2021_1140_1326,0.364405621
2021_1163_1326,0.399341276
2021_1261_1326,0.366631242
2021_1268_1326,0.297075899
2021_1277_1326,0.188375501
2021_1207_1326,0.182594986
2021_1101_1326,0.272776525
2021_1233_1326,0.153559526
2021_1291_1326,0.092665333
2021_1211_1326,0.841726328
2021_1234_1326,0.546580915
2021_1242_1326,0.482109692
2021_1166_1326,0.447363756
2021_1281_1326,0.279832756
2021_1179_1326,0.291339876
2021_1325_1326,0.196729237
2021_1186_1326,0.145264374
2021_1213_1326,0.182468361
2021_1111_1326,0.100811017
2021_1313_1326,0.09510981
2021_1228_1326,0.572204693
2021_1222_1326,0.686796588
2021_1155_1326,0.34161271
2021_1260_1326,0.436808253
2021_1210_1326,0.363212331
2021_1251_1326,0.17813974
2021_1287_1326,0.114352242
2021_1156_1326,0.096373983
2021_1180_1326,0.097927979
2021_1124_1326,0.745621977
2021_1116_1326,0.504197846
2021_1196_1326,0.348531183
2021_1314_1326,0.358491139
2021_1317_1326,0.247387163
2021_1159_1326,0.301168221
2021_1216_1326,0.101252993
2021_1104_1116,0.470703635
2021_1101_1116,0.249634966
2021_1111_1116,0.087748593
2021_1276_1345,0.636735635
2021_1104_1345,0.574731939
2021_1199_1345,0.512826265
2021_1160_1345,0.538400938
2021_1140_1345,0.440790079
2021_1163_1345,0.475687325
2021_1261_1345,0.451621374
2021_1268_1345,0.405091311
2021_1277_1345,0.292972979
2021_1207_1345,0.251696503
2021_1101_1345,0.318725343
2021_1233_1345,0.184456227
2021_1291_1345,0.10990754
2021_1211_1345,0.870455236
2021_1234_1345,0.663567057
2021_1242_1345,0.511485334
2021_1166_1345,0.490219337
2021_1332_1345,0.492628819
2021_1328_1345,0.477254629
2021_1281_1345,0.390090438
2021_1179_1345,0.392766774
2021_1325_1345,0.284210881
2021_1186_1345,0.210958244
2021_1213_1345,0.227674149
2021_1111_1345,0.121645437
2021_1313_1345,0.124213744
2021_1228_1345,0.689101945
2021_1222_1345,0.820077494
2021_1329_1345,0.411521839
2021_1155_1345,0.440443733
2021_1260_1345,0.500981032
2021_1210_1345,0.474927807
2021_1333_1345,0.233266518
2021_1251_1345,0.246713666
2021_1287_1345,0.185038315
2021_1156_1345,0.125096259
2021_1180_1345,0.158782834
2021_1124_1345,0.829313433
2021_1326_1345,0.535968812
2021_1116_1345,0.561340779
2021_1196_1345,0.449832267
2021_1314_1345,0.439897531
2021_1317_1345,0.326041642
2021_1159_1345,0.486850472
2021_1331_1345,0.112315582
2021_1216_1345,0.129425838
2021_1276_1437,0.57973606
2021_1104_1437,0.479222679
2021_1400_1437,0.418265948
2021_1199_1437,0.468284019
2021_1160_1437,0.470810265
2021_1140_1437,0.389565876
2021_1163_1437,0.430115249
2021_1261_1437,0.407119465
2021_1382_1437,0.429609627
2021_1268_1437,0.311263088
2021_1277_1437,0.217250822
2021_1417_1437,0.32576865
2021_1207_1437,0.207948247
2021_1422_1437,0.225757888
2021_1101_1437,0.259225081
2021_1233_1437,0.16037012
2021_1291_1437,0.096030875
2021_1411_1437,0.103262746
2021_1211_1437,0.836832352
2021_1234_1437,0.576472976
2021_1242_1437,0.478206151
2021_1166_1437,0.451000877
2021_1425_1437,0.460030974
2021_1332_1437,0.407361065
2021_1328_1437,0.392286327
2021_1281_1437,0.299672002
2021_1433_1437,0.36252931
2021_1179_1437,0.322404226
2021_1364_1437,0.298527138
2021_1325_1437,0.22110808
2021_1186_1437,0.162917967
2021_1213_1437,0.195209153
2021_1111_1437,0.094663468
2021_1313_1437,0.093300615
2021_1228_1437,0.593580834
2021_1222_1437,0.671163908
2021_1329_1437,0.368755827
2021_1397_1437,0.457633099
2021_1361_1437,0.45815329
2021_1155_1437,0.335005821
2021_1260_1437,0.44133989
2021_1210_1437,0.353322842
2021_1353_1437,0.37874951
2021_1393_1437,0.336996766
2021_1333_1437,0.195791003
2021_1251_1437,0.200658006
2021_1287_1437,0.127206112
2021_1156_1437,0.102450393
2021_1180_1437,0.104504752
2021_1124_1437,0.745890607
2021_1326_1437,0.47902951
2021_1116_1437,0.491527395
2021_1345_1437,0.42774992
2021_1403_1437,0.503638157
2021_1196_1437,0.39555187
2021_1314_1437,0.425977371
2021_1429_1437,0.364922011
2021_1317_1437,0.263464731
2021_1159_1437,0.332492177
2021_1331_1437,0.09597791
2021_1216_1437,0.102892258
2021_1276_1403,0.571820602
2021_1104_1403,0.499075198
2021_1400_1403,0.393983251
2021_1199_1403,0.450609039
2021_1160_1403,0.460450344
2021_1140_1403,0.39181353
2021_1163_1403,0.421975773
2021_1261_1403,0.391104083
2021_1382_1403,0.433866406
2021_1268_1403,0.331994172
2021_1277_1403,0.183841961
2021_1207_1403,0.202044672
2021_1101_1403,0.242926653
2021_1233_1403,0.113665447
2021_1291_1403,0.093129292
2021_1211_1403,0.822278061
2021_1234_1403,0.562090993
2021_1242_1403,0.454831297
2021_1166_1403,0.419837445
2021_1332_1403,0.386698567
2021_1328_1403,0.370805788
2021_1281_1403,0.307656879
2021_1179_1403,0.353260567
2021_1364_1403,0.305744
2021_1325_1403,0.196162876
2021_1186_1403,0.15416917
2021_1213_1403,0.178287962
2021_1111_1403,0.091875179
2021_1313_1403,0.088827802
2021_1228_1403,0.561766829
2021_1222_1403,0.633206363
2021_1329_1403,0.354463395
2021_1397_1403,0.456325376
2021_1361_1403,0.455373246
2021_1155_1403,0.347611051
2021_1260_1403,0.428966346
2021_1210_1403,0.371679923
2021_1353_1403,0.337642325
2021_1393_1403,0.364522279
2021_1333_1403,0.146529803
2021_1251_1403,0.179563902
2021_1287_1403,0.121926106
2021_1156_1403,0.098288208
2021_1180_1403,0.099227787
2021_1124_1403,0.716013393
2021_1326_1403,0.495350444
2021_1116_1403,0.464026329
2021_1345_1403,0.411996757
2021_1196_1403,0.375522025
2021_1314_1403,0.404264521
2021_1317_1403,0.273769762
2021_1159_1403,0.370232454
2021_1331_1403,0.091696269
2021_1216_1403,0.09963044
2021_1104_1196,0.629026405
2021_1160_1196,0.565549975
2021_1140_1196,0.477064186
2021_1163_1196,0.510169922
2021_1101_1196,0.404149958
2021_1166_1196,0.522720425
2021_1179_1196,0.479442682
2021_1186_1196,0.270961142
2021_1111_1196,0.149972801
2021_1155_1196,0.481620489
2021_1156_1196,0.156989486
2021_1180_1196,0.207156883
2021_1124_1196,0.857121039
2021_1116_1196,0.632817689
2021_1159_1196,0.558765082
2021_1276_1314,0.696886632
2021_1104_1314,0.62094132
2021_1199_1314,0.53830956
2021_1160_1314,0.567824014
2021_1140_1314,0.459469342
2021_1163_1314,0.499228815
2021_1261_1314,0.496169038
2021_1268_1314,0.431903229
2021_1277_1314,0.321079248
2021_1207_1314,0.303048207
2021_1101_1314,0.401282859
2021_1233_1314,0.216057992
2021_1291_1314,0.134526689
2021_1211_1314,0.884223356
2021_1234_1314,0.707465322
2021_1242_1314,0.547933495
2021_1166_1314,0.519278254
2021_1281_1314,0.420776144
2021_1179_1314,0.487092718
2021_1186_1314,0.245683168
2021_1213_1314,0.2935799
2021_1111_1314,0.157926466
2021_1313_1314,0.154470486
2021_1228_1314,0.685440653
2021_1222_1314,0.798893405
2021_1155_1314,0.453804575
2021_1260_1314,0.522576796
2021_1210_1314,0.503883857
2021_1251_1314,0.307568972
2021_1287_1314,0.239193772
2021_1156_1314,0.158273777
2021_1180_1314,0.193704612
2021_1124_1314,0.818414718
2021_1116_1314,0.633166368
2021_1196_1314,0.47143943
2021_1159_1314,0.505670992
2021_1216_1314,0.157408258
2021_1276_1458,0.685524377
2021_1104_1458,0.578270347
2021_1400_1458,0.453352765
2021_1199_1458,0.502001001
2021_1160_1458,0.503005667
2021_1140_1458,0.445418356
2021_1163_1458,0.475772991
2021_1261_1458,0.438318154
2021_1382_1458,0.466306636
2021_1268_1458,0.410925492
2021_1277_1458,0.29057986
2021_1417_1458,0.419568895
2021_1207_1458,0.284978199
2021_1422_1458,0.311934883
2021_1101_1458,0.346408988
2021_1233_1458,0.209078196
2021_1291_1458,0.131785174
2021_1411_1458,0.147377529
2021_1211_1458,0.872280207
2021_1234_1458,0.637836978
2021_1242_1458,0.512349144
2021_1438_1458,0.489781876
2021_1166_1458,0.477389306
2021_1425_1458,0.514295393
2021_1332_1458,0.451708896
2021_1328_1458,0.434255996
2021_1281_1458,0.390848039
2021_1433_1458,0.457471687
2021_1179_1458,0.417593018
2021_1455_1458,0.307076488
2021_1364_1458,0.369401306
2021_1325_1458,0.286640147
2021_1186_1458,0.233256168
2021_1213_1458,0.258238351
2021_1111_1458,0.133092734
2021_1313_1458,0.134212057
2021_1228_1458,0.742730207
2021_1222_1458,0.774765971
2021_1452_1458,0.502836861
2021_1329_1458,0.418465487
2021_1397_1458,0.506473185
2021_1361_1458,0.51206404
2021_1155_1458,0.421934812
2021_1260_1458,0.483323647
2021_1210_1458,0.443436527
2021_1353_1458,0.429494991
2021_1393_1458,0.454255729
2021_1333_1458,0.245971277
2021_1251_1458,0.266218534
2021_1287_1458,0.213248406
2021_1156_1458,0.143958736
2021_1180_1458,0.19091199
2021_1124_1458,0.838694136
2021_1326_1458,0.560589636
2021_1116_1458,0.533269318
2021_1345_1458,0.4822633
2021_1437_1458,0.510326053
2021_1403_1458,0.539338265
2021_1196_1458,0.444517564
2021_1314_1458,0.467724686
2021_1439_1458,0.414375105
2021_1429_1458,0.455151514
2021_1457_1458,0.371095211
2021_1317_1458,0.344303068
2021_1159_1458,0.45623822
2021_1331_1458,0.135143824
2021_1216_1458,0.145499392
2021_1276_1439,0.795441346
2021_1104_1439,0.668481102
2021_1400_1439,0.531710091
2021_1199_1439,0.620488013
2021_1160_1439,0.621118717
2021_1140_1439,0.501939326
2021_1163_1439,0.533560395
2021_1261_1439,0.50169646
2021_1382_1439,0.537107778
2021_1268_1439,0.459424494
2021_1277_1439,0.371426163
2021_1417_1439,0.494802572
2021_1207_1439,0.390792631
2021_1422_1439,0.471426735
2021_1101_1439,0.478210598
2021_1233_1439,0.298869485
2021_1291_1439,0.174003553
2021_1411_1439,0.193607194
2021_1211_1439,0.909785106
2021_1234_1439,0.790867673
2021_1242_1439,0.628780605
2021_1438_1439,0.6072117
2021_1166_1439,0.594419993
2021_1425_1439,0.603522117
2021_1332_1439,0.51183437
2021_1328_1439,0.499997879
2021_1281_1439,0.450714856
2021_1433_1439,0.51295963
2021_1179_1439,0.494174107
2021_1364_1439,0.499850011
2021_1325_1439,0.380443027
2021_1186_1439,0.300175994
2021_1213_1439,0.341699387
2021_1111_1439,0.18430126
2021_1313_1439,0.185433125
2021_1228_1439,0.795022005
2021_1222_1439,0.881042062
2021_1329_1439,0.491319253
2021_1397_1439,0.61115721
2021_1361_1439,0.599583676
2021_1155_1439,0.482974761
2021_1260_1439,0.549087848
2021_1210_1439,0.540740934
2021_1353_1439,0.491517512
2021_1393_1439,0.546452764
2021_1333_1439,0.36568262
2021_1251_1439,0.380737765
2021_1287_1439,0.28248331
2021_1156_1439,0.198535236
2021_1180_1439,0.250795974
2021_1124_1439,0.888308991
2021_1326_1439,0.646094947
2021_1116_1439,0.676201654
2021_1345_1439,0.588077006
2021_1437_1439,0.659214469
2021_1403_1439,0.661208333
2021_1196_1439,0.510784017
2021_1314_1439,0.516022472
2021_1429_1439,0.501489652
2021_1317_1439,0.46231856
2021_1159_1439,0.590949326
2021_1331_1439,0.190427026
2021_1216_1439,0.24259468
2021_1276_1429,0.704481572
2021_1104_1429,0.654996112
2021_1400_1429,0.550513234
2021_1199_1429,0.582657993
2021_1160_1429,0.600803733
2021_1140_1429,0.489429362
2021_1163_1429,0.535662416
2021_1261_1429,0.473480508
2021_1382_1429,0.497135416
2021_1268_1429,0.413102628
2021_1277_1429,0.316121014
2021_1417_1429,0.446276898
2021_1207_1429,0.341624586
2021_1422_1429,0.436075596
2021_1101_1429,0.461958418
2021_1233_1429,0.246473572
2021_1291_1429,0.155355877
2021_1411_1429,0.170696453
2021_1211_1429,0.897081224
2021_1234_1429,0.696830849
2021_1242_1429,0.603562549
2021_1166_1429,0.563650782
2021_1425_1429,0.577974263
2021_1332_1429,0.493044189
2021_1328_1429,0.473955071
2021_1281_1429,0.401562013
2021_1179_1429,0.457234573
2021_1364_1429,0.457904671
2021_1325_1429,0.378864862
2021_1186_1429,0.285977316
2021_1213_1429,0.342623
2021_1111_1429,0.171123828
2021_1313_1429,0.165908739
2021_1228_1429,0.713510099
2021_1222_1429,0.827150663
2021_1329_1429,0.455105075
2021_1397_1429,0.618037218
2021_1361_1429,0.607340503
2021_1155_1429,0.44089922
2021_1260_1429,0.564959149
2021_1210_1429,0.505873424
2021_1353_1429,0.443970906
2021_1393_1429,0.501137556
2021_1333_1429,0.324189924
2021_1251_1429,0.345440022
2021_1287_1429,0.28346247
2021_1156_1429,0.171004256
2021_1180_1429,0.257799772
2021_1124_1429,0.831532722
2021_1326_1429,0.629378442
2021_1116_1429,0.633425551
2021_1345_1429,0.561720329
2021_1403_1429,0.645403564
2021_1196_1429,0.468587858
2021_1314_1429,0.483966318
2021_1317_1429,0.415373791
2021_1159_1429,0.490680485
2021_1331_1429,0.161579795
2021_1216_1429,0.176095411
2021_1276_1457,0.758675618
2021_1104_1457,0.695631216
2021_1400_1457,0.604161434
2021_1199_1457,0.672757233
2021_1160_1457,0.670819447
2021_1140_1457,0.575807124
2021_1163_1457,0.581526043
2021_1261_1457,0.557632125
2021_1382_1457,0.580544186
2021_1268_1457,0.509916221
2021_1277_1457,0.368589274
2021_1417_1457,0.528520106
2021_1207_1457,0.393938798
2021_1422_1457,0.448599058
2021_1101_1457,0.479378307
2021_1233_1457,0.339553384
2021_1291_1457,0.216242836
2021_1411_1457,0.205394575
2021_1211_1457,0.910305236
2021_1234_1457,0.750942614
2021_1242_1457,0.66824811
2021_1438_1457,0.628321277
2021_1166_1457,0.608766151
2021_1425_1457,0.638622763
2021_1332_1457,0.589545441
2021_1328_1457,0.561118574
2021_1281_1457,0.47766113
2021_1433_1457,0.514826209
2021_1179_1457,0.490545333
2021_1455_1457,0.413038991
2021_1364_1457,0.492659184
2021_1325_1457,0.414198435
2021_1186_1457,0.358963024
2021_1213_1457,0.398714777
2021_1111_1457,0.212559485
2021_1313_1457,0.215699553
2021_1228_1457,0.807693499
2021_1222_1457,0.885913869
2021_1452_1457,0.651357519
2021_1329_1457,0.562591262
2021_1397_1457,0.640041565
2021_1361_1457,0.64039404
2021_1155_1457,0.516345715
2021_1260_1457,0.599275184
2021_1210_1457,0.54547348
2021_1353_1457,0.533698606
2021_1393_1457,0.522742319
2021_1333_1457,0.364706916
2021_1251_1457,0.379550494
2021_1287_1457,0.331858092
2021_1156_1457,0.226189982
2021_1180_1457,0.301874481
2021_1124_1457,0.888804707
2021_1326_1457,0.697631298
2021_1116_1457,0.711489783
2021_1345_1457,0.626504031
2021_1437_1457,0.670059694
2021_1403_1457,0.689304022
2021_1196_1457,0.565408536
2021_1314_1457,0.574249632
2021_1439_1457,0.497142178
2021_1429_1457,0.513082508
2021_1317_1457,0.456918564
2021_1159_1457,0.592693588
2021_1331_1457,0.215894007
2021_1216_1457,0.233077847
2021_1276_1317,0.814440156
2021_1104_1317,0.777863678
2021_1199_1317,0.695658379
2021_1160_1317,0.681945733
2021_1140_1317,0.583436357
2021_1163_1317,0.6087336
2021_1261_1317,0.58574594
2021_1268_1317,0.527065973
2021_1277_1317,0.419411891
2021_1207_1317,0.413518151
2021_1101_1317,0.50623991
2021_1233_1317,0.383888985
2021_1291_1317,0.299135293
2021_1211_1317,0.913293656
2021_1234_1317,0.813110526
2021_1242_1317,0.6940544
2021_1166_1317,0.636207392
2021_1281_1317,0.509684362
2021_1179_1317,0.497188299
2021_1186_1317,0.373420537
2021_1213_1317,0.409437809
2021_1111_1317,0.241025086
2021_1313_1317,0.300496784
2021_1228_1317,0.822384636
2021_1222_1317,0.895000121
2021_1155_1317,0.558029335
2021_1260_1317,0.637652272
2021_1210_1317,0.593696318
2021_1251_1317,0.395584515
2021_1287_1317,0.359084795
2021_1156_1317,0.308043756
2021_1180_1317,0.333383504
2021_1124_1317,0.903542736
2021_1116_1317,0.786801141
2021_1196_1317,0.574519069
2021_1314_1317,0.587077489
2021_1159_1317,0.622475077
2021_1216_1317,0.31393432
2021_1104_1159,0.674590581
2021_1140_1159,0.480723389
2021_1101_1159,0.378343122
2021_1111_1159,0.149864364
2021_1155_1159,0.396605973
2021_1156_1159,0.160233853
2021_1124_1159,0.774789271
2021_1116_1159,0.661900378
2021_1276_1331,0.915610003
2021_1104_1331,0.90165952
2021_1199_1331,0.891482793
2021_1160_1331,0.890091715
2021_1140_1331,0.850430881
2021_1163_1331,0.860978052
2021_1261_1331,0.846939228
2021_1268_1331,0.715767584
2021_1277_1331,0.593627196
2021_1207_1331,0.539259079
2021_1101_1331,0.740167388
2021_1233_1331,0.506928963
2021_1291_1331,0.469334031
2021_1211_1331,0.942218365
2021_1234_1331,0.915738971
2021_1242_1331,0.893378797
2021_1166_1331,0.874391407
2021_1328_1331,0.830253993
2021_1281_1331,0.723968487
2021_1179_1331,0.803515512
2021_1325_1331,0.619984553
2021_1186_1331,0.487298484
2021_1213_1331,0.598735908
2021_1111_1331,0.463723068
2021_1313_1331,0.461509327
2021_1228_1331,0.917210492
2021_1222_1331,0.942054778
2021_1329_1331,0.84207885
2021_1155_1331,0.758247656
2021_1260_1331,0.866787121
2021_1210_1331,0.793137238
2021_1251_1331,0.573096738
2021_1287_1331,0.50447078
2021_1156_1331,0.481697133
2021_1180_1331,0.483436541
2021_1124_1331,0.940883879
2021_1326_1331,0.895670729
2021_1116_1331,0.906336203
2021_1196_1331,0.835810335
2021_1314_1331,0.845327311
2021_1317_1331,0.660086483
2021_1159_1331,0.830549756
2021_1216_1331,0.475115038
2021_1104_1216,0.888256284
2021_1199_1216,0.884012255
2021_1160_1216,0.883605959
2021_1140_1216,0.84638363
2021_1163_1216,0.855247289
2021_1207_1216,0.55130138
2021_1101_1216,0.726133036
2021_1211_1216,0.937313891
2021_1166_1216,0.87018067
2021_1179_1216,0.777017758
2021_1186_1216,0.475332134
2021_1213_1216,0.516796465
2021_1111_1216,0.443925452
2021_1155_1216,0.753688904
2021_1210_1216,0.798232647
2021_1156_1216,0.459565023
2021_1180_1216,0.448106495
2021_1124_1216,0.934749752
2021_1116_1216,0.899148256
2021_1196_1216,0.765457295
2021_1159_1216,0.810860714
